,predict,label
0,0.9999636876266452,0.9999636876266452
1,0.9999546095333064,0.9999546095333064
2,0.9999455314399676,0.9999455314399676
3,0.9999364533466288,0.9999364533466288
4,0.99992737525329,0.99992737525329
5,0.9999182971599514,0.9999182971599514
6,0.9999092190666126,0.9999092190666126
7,0.999900140973274,0.999900140973274
8,0.9998910628799352,0.9998910628799352
9,0.9998819847865964,0.9998819847865964
10,0.9998729066932576,0.9998729066932576
11,0.999863828599919,0.999863828599919
12,0.9998547505065802,0.9996788360379192
13,0.9998456724132414,0.9995280973055298
14,0.9998365943199028,0.999363039230506
15,0.999827516226564,0.9991747702009516
16,0.9998184381332254,0.9988123953070488
17,0.9998093600398864,0.9985853004935382
18,0.9998002819465478,0.9985772615753824
19,0.9997912038532092,0.9985084431141656
20,0.9997821257598702,0.9983411960050632
21,0.9997730476665316,0.9983411627503144
22,0.9997639695731928,0.998158499097044
23,0.9997548914798542,0.9979724330597848
24,0.9997458133865156,0.9976590018445846
25,0.9992345811458342,0.9973994809680992
26,0.9988746533596268,0.9972928215067977
27,0.9986489046494712,0.9972023087801178
28,0.9984344165218648,0.9971317152297884
29,0.9981934992361776,0.997017448235415
30,0.9980907219250508,0.9968527555040532
31,0.9979861936987224,0.9966328478577698
32,0.9978200605888292,0.996376920590482
33,0.9977291725189964,0.996305470146114
34,0.9974680378867942,0.9960304862030368
35,0.9971434331256368,0.9959512899959654
36,0.9969582080027924,0.996034557682444
37,0.9968521201690804,0.9960594152309248
38,0.996771882703094,0.9960882641582546
39,0.9965173717789464,0.9960892862852536
40,0.9961756924931048,0.9960810717212296
41,0.9961689236138194,0.9962254745833246
42,0.9960837424551608,0.9962907568789482
43,0.995965690467818,0.9962932613022132
44,0.9955677364299824,0.9963249016354336
45,0.9956881543417754,0.9964486176767298
46,0.9960346364751568,0.9964446347471048
47,0.9960602531512212,0.9964566290673592
48,0.9959857650803062,0.9965332235360826
49,0.9957269075827996,0.9965332405381072
50,0.995124818731554,0.9965242116470868
51,0.9951157443253218,0.996434592426361
52,0.995153755902398,0.9963174743165256
53,0.995472467444734,0.9963087163519988
54,0.9957679156948972,0.9962295357520532
55,0.9959999770772124,0.9961389314475048
56,0.9961905636991176,0.9959891062959338
57,0.9962260590937652,0.996087686234878
58,0.9962569695568548,0.9961247908733762
59,0.9962576825357986,0.9960394084273236
